#node1	node2	node1_string_id	node2_string_id	neighborhood_on_chromosome	gene_fusion	phylogenetic_cooccurrence	homology	coexpression	experimentally_determined_interaction	database_annotated	automated_textmining	combined_score
ABCG2	CYP3A5	9606.ENSP00000237612	9606.ENSP00000222982	0	0	0	0	0	0.050	0	0.647	0.650
ABCG2	FN1	9606.ENSP00000237612	9606.ENSP00000346839	0	0	0	0	0	0	0	0.410	0.410
ABCG2	PCDH7	9606.ENSP00000237612	9606.ENSP00000441802	0	0	0	0	0	0.423	0	0	0.422
ABCG2	KRT15	9606.ENSP00000237612	9606.ENSP00000254043	0	0	0	0	0	0	0	0.422	0.422
ABCG2	GSTP1	9606.ENSP00000237612	9606.ENSP00000381607	0	0	0	0	0.062	0	0	0.427	0.439
ABCG2	SNAI2	9606.ENSP00000237612	9606.ENSP00000380034	0	0	0	0	0	0	0	0.499	0.499
ABCG2	LYVE1	9606.ENSP00000237612	9606.ENSP00000256178	0	0	0	0	0.061	0	0	0.507	0.518
ABCG2	PGR	9606.ENSP00000237612	9606.ENSP00000325120	0	0	0	0	0	0.076	0	0.618	0.632
ABCG2	SLC2A9	9606.ENSP00000237612	9606.ENSP00000264784	0	0	0	0	0.055	0.044	0	0.767	0.771
ABCG2	PROM1	9606.ENSP00000237612	9606.ENSP00000426809	0	0	0	0	0	0	0	0.805	0.805
ACOX2	ACSF2	9606.ENSP00000307697	9606.ENSP00000401831	0.055	0	0	0	0.082	0	0	0.562	0.587
ACSF2	PRLR	9606.ENSP00000401831	9606.ENSP00000482954	0	0	0	0	0	0	0	0.402	0.402
ACTC1	FLNC	9606.ENSP00000290378	9606.ENSP00000327145	0	0	0	0	0.117	0.185	0	0.243	0.408
ACTC1	DAAM2	9606.ENSP00000290378	9606.ENSP00000381876	0	0	0	0	0	0.308	0	0.181	0.409
ACTC1	SLC8A1	9606.ENSP00000290378	9606.ENSP00000384763	0	0	0	0	0.061	0	0	0.412	0.424
ACTC1	FN1	9606.ENSP00000290378	9606.ENSP00000346839	0	0	0	0	0.058	0	0	0.450	0.460
ACTC1	LMOD1	9606.ENSP00000290378	9606.ENSP00000356257	0	0	0	0	0.080	0.413	0	0.251	0.560
ACTC1	LDB3	9606.ENSP00000290378	9606.ENSP00000401437	0	0	0	0	0.115	0.055	0	0.552	0.593
ACTC1	MYLK	9606.ENSP00000290378	9606.ENSP00000353452	0	0	0	0	0.098	0.472	0	0.368	0.673
ACTC1	DMD	9606.ENSP00000290378	9606.ENSP00000354923	0	0	0	0	0.061	0.472	0	0.437	0.696
ACTC1	MYH11	9606.ENSP00000290378	9606.ENSP00000379616	0	0	0	0	0.066	0.325	0	0.602	0.727
ACTC1	MYOCD	9606.ENSP00000290378	9606.ENSP00000401678	0	0	0	0	0.132	0.268	0	0.720	0.807
ACTG2	FN1	9606.ENSP00000386857	9606.ENSP00000346839	0	0	0	0	0.085	0	0	0.411	0.439
ACTG2	MYLK	9606.ENSP00000386857	9606.ENSP00000353452	0	0	0	0	0.185	0.186	0.900	0.495	0.962
ACTG2	DMD	9606.ENSP00000386857	9606.ENSP00000354923	0	0	0	0	0.061	0.185	0	0.339	0.450
ACTG2	LMOD1	9606.ENSP00000386857	9606.ENSP00000356257	0	0	0	0	0.156	0.413	0.900	0.404	0.966
ACTG2	ANXA9	9606.ENSP00000386857	9606.ENSP00000357943	0	0	0	0	0	0.094	0	0.380	0.415
ACTG2	SORBS1	9606.ENSP00000386857	9606.ENSP00000360293	0	0	0	0	0.051	0	0.900	0.052	0.902
ACTG2	MYH11	9606.ENSP00000386857	9606.ENSP00000379616	0	0	0	0	0.566	0.325	0.900	0.596	0.986
ACTG2	DAAM2	9606.ENSP00000386857	9606.ENSP00000381876	0	0	0	0	0	0.308	0	0.181	0.409
ACTG2	ANXA8	9606.ENSP00000386857	9606.ENSP00000478026	0	0	0	0	0	0.094	0	0.401	0.434
ACTG2	MYOCD	9606.ENSP00000386857	9606.ENSP00000401678	0	0	0	0	0.118	0.268	0	0.478	0.633
ADAMTS5	PTGS2	9606.ENSP00000284987	9606.ENSP00000356438	0	0	0	0	0.050	0	0	0.450	0.455
ADAMTS5	FN1	9606.ENSP00000284987	9606.ENSP00000346839	0	0	0	0	0.104	0	0	0.434	0.471
ADAMTS5	SBSPON	9606.ENSP00000284987	9606.ENSP00000297354	0	0	0	0	0	0	0.900	0	0.900
ADAMTS5	SPON1	9606.ENSP00000284987	9606.ENSP00000460236	0	0	0	0	0.095	0	0.900	0.215	0.922
ADH1B	GSTM2	9606.ENSP00000306606	9606.ENSP00000241337	0	0	0	0	0.061	0	0.650	0.127	0.688
ADH1B	ALDH1A2	9606.ENSP00000306606	9606.ENSP00000249750	0.048	0	0	0	0.063	0	0.650	0.289	0.748
ADH1B	GSTM3	9606.ENSP00000306606	9606.ENSP00000256594	0	0	0	0	0.049	0	0.650	0.199	0.710
ADH1B	S100A14	9606.ENSP00000306606	9606.ENSP00000357691	0	0	0	0	0	0	0	0.527	0.527
ADH1B	GSTM4	9606.ENSP00000306606	9606.ENSP00000358851	0	0	0	0	0.062	0	0.650	0.126	0.688
ADH1B	MAOB	9606.ENSP00000306606	9606.ENSP00000367309	0	0	0	0	0.104	0	0.650	0.142	0.707
ADH1B	GSTP1	9606.ENSP00000306606	9606.ENSP00000381607	0	0	0	0	0	0	0.650	0.296	0.743
ADH1B	GSTM1	9606.ENSP00000306606	9606.ENSP00000311469	0	0	0	0	0.061	0	0.650	0.413	0.790
ADH1B	AOX1	9606.ENSP00000306606	9606.ENSP00000363832	0	0	0	0	0.108	0	0.900	0.367	0.938
ADRA1A	BCHE	9606.ENSP00000369960	9606.ENSP00000264381	0	0	0	0	0	0	0	0.448	0.448
ADRA1A	SLC18A2	9606.ENSP00000369960	9606.ENSP00000298472	0	0	0	0	0	0	0	0.437	0.437
ADRA1A	EDNRB	9606.ENSP00000369960	9606.ENSP00000366416	0	0	0	0.570	0.064	0	0.900	0.451	0.920
ADRA1A	MAOB	9606.ENSP00000369960	9606.ENSP00000367309	0	0	0	0	0	0	0	0.419	0.418
ADRA1A	FHL1	9606.ENSP00000369960	9606.ENSP00000377710	0	0	0	0	0	0	0	0.464	0.464
ADRA1A	NOS1	9606.ENSP00000369960	9606.ENSP00000477999	0	0	0	0	0.070	0.305	0	0.383	0.566
ADRA1A	CCK	9606.ENSP00000369960	9606.ENSP00000379472	0	0	0	0	0	0	0.900	0.440	0.941
AFAP1L2	G0S2	9606.ENSP00000303042	9606.ENSP00000355996	0	0	0	0	0	0	0	0.455	0.455
AHNAK2	CAV1	9606.ENSP00000353114	9606.ENSP00000339191	0	0	0	0	0.213	0	0	0.415	0.519
AKR1B1	PTGES	9606.ENSP00000285930	9606.ENSP00000342385	0	0	0	0	0	0	0	0.416	0.416
AKR1B1	PRKCB	9606.ENSP00000285930	9606.ENSP00000305355	0	0	0	0	0	0	0	0.440	0.440
AKR1B1	FN1	9606.ENSP00000285930	9606.ENSP00000346839	0	0	0	0	0	0	0	0.618	0.618
AKR1B1	GSTP1	9606.ENSP00000285930	9606.ENSP00000381607	0	0	0	0	0.110	0	0	0.618	0.646
AKR1B1	PTGS2	9606.ENSP00000285930	9606.ENSP00000356438	0	0	0	0	0.062	0	0	0.653	0.661
ALDH1A2	CYP26B1	9606.ENSP00000249750	9606.ENSP00000001146	0	0	0	0	0	0.085	0.900	0.779	0.978
ALDH1A2	CYP3A5	9606.ENSP00000249750	9606.ENSP00000222982	0	0	0	0	0.063	0.085	0.900	0.073	0.909
ALDH1A2	FGF10	9606.ENSP00000249750	9606.ENSP00000264664	0	0	0	0	0	0	0	0.477	0.477
ALDH1A2	KCNQ5	9606.ENSP00000249750	9606.ENSP00000345055	0	0	0	0	0	0	0	0.535	0.535
ALDH1A2	CRABP2	9606.ENSP00000249750	9606.ENSP00000482841	0	0	0	0	0.062	0	0	0.618	0.626
ALDH1A2	AOX1	9606.ENSP00000249750	9606.ENSP00000363832	0	0	0	0	0.064	0	0.800	0.169	0.830
AMOT	FRMD6	9606.ENSP00000361027	9606.ENSP00000343899	0	0	0	0	0.061	0	0	0.577	0.585
ANGPT1	ERBB4	9606.ENSP00000428340	9606.ENSP00000342235	0	0	0	0	0.049	0	0.600	0.197	0.668
ANGPT1	FN1	9606.ENSP00000428340	9606.ENSP00000346839	0	0	0	0	0.061	0	0.900	0.529	0.952
ANGPT1	EPHA2	9606.ENSP00000428340	9606.ENSP00000351209	0	0	0	0	0	0.054	0.600	0.190	0.666
ANGPT1	NRG1	9606.ENSP00000428340	9606.ENSP00000384620	0	0	0	0	0	0	0	0.524	0.524
ANGPT1	FGFR2	9606.ENSP00000428340	9606.ENSP00000410294	0	0	0	0	0	0.051	0.600	0.185	0.663
ANGPT1	PROM1	9606.ENSP00000428340	9606.ENSP00000426809	0	0	0	0	0	0	0	0.405	0.405
ANGPTL1	PDZRN4	9606.ENSP00000234816	9606.ENSP00000384197	0	0	0	0	0.077	0	0	0.417	0.439
ANGPTL1	WSCD2	9606.ENSP00000234816	9606.ENSP00000331933	0	0	0	0	0	0	0	0.445	0.445
ANGPTL1	LMOD1	9606.ENSP00000234816	9606.ENSP00000356257	0	0	0	0	0.077	0	0	0.468	0.487
ANGPTL1	LPL	9606.ENSP00000234816	9606.ENSP00000309757	0	0	0	0	0	0	0	0.533	0.533
ANO1	KCNMA1	9606.ENSP00000347454	9606.ENSP00000286628	0	0	0	0	0.050	0	0	0.479	0.484
ANO1	KRT7	9606.ENSP00000347454	9606.ENSP00000329243	0	0	0	0	0.085	0	0	0.500	0.522
ANO1	MYOCD	9606.ENSP00000347454	9606.ENSP00000401678	0	0	0	0	0.065	0	0	0.485	0.498
ANO1	NELL2	9606.ENSP00000347454	9606.ENSP00000416341	0	0	0	0	0.052	0	0	0.540	0.545
ANO5	DMD	9606.ENSP00000315371	9606.ENSP00000354923	0	0	0	0	0.062	0	0	0.400	0.413
ANO5	FLNC	9606.ENSP00000315371	9606.ENSP00000327145	0	0	0	0	0.064	0	0	0.410	0.424
ANO5	NELL2	9606.ENSP00000315371	9606.ENSP00000416341	0	0	0	0	0.076	0	0	0.800	0.807
ANXA8	PGM5	9606.ENSP00000478026	9606.ENSP00000379678	0	0	0	0	0	0	0	0.447	0.447
AOC1	OLFM4	9606.ENSP00000411613	9606.ENSP00000219022	0	0	0	0	0.088	0	0.900	0	0.904
AOC1	ORM1	9606.ENSP00000411613	9606.ENSP00000259396	0	0	0	0	0	0	0.900	0	0.900
AOC1	CSRNP3	9606.ENSP00000411613	9606.ENSP00000318258	0	0	0	0	0	0	0	0.524	0.524
AOC1	SLPI	9606.ENSP00000411613	9606.ENSP00000342082	0	0	0	0	0	0	0.900	0.053	0.901
AOC1	MAOB	9606.ENSP00000411613	9606.ENSP00000367309	0	0	0	0	0.055	0	0	0.576	0.582
AOC1	ORM2	9606.ENSP00000411613	9606.ENSP00000394936	0	0	0	0	0	0	0.900	0	0.900
AOX1	CYP26B1	9606.ENSP00000363832	9606.ENSP00000001146	0	0	0	0	0.070	0	0.900	0.093	0.908
AOX1	CYP3A5	9606.ENSP00000363832	9606.ENSP00000222982	0	0	0	0	0.088	0	0.900	0.114	0.912
AOX1	MAOB	9606.ENSP00000363832	9606.ENSP00000367309	0	0	0	0	0.062	0	0.900	0.364	0.935
APOBEC3C	RASL12	9606.ENSP00000355340	9606.ENSP00000220062	0	0	0	0	0	0.052	0	0.415	0.421
ARHGAP20	PRICKLE2	9606.ENSP00000260283	9606.ENSP00000295902	0	0	0	0	0.119	0	0	0.533	0.572
ARL4D	ZNF750	9606.ENSP00000322628	9606.ENSP00000269394	0	0	0	0	0	0	0	0.416	0.416
ARL4D	CDK18	9606.ENSP00000322628	9606.ENSP00000423665	0	0	0	0	0	0.095	0	0.451	0.482
ASPA	CPA6	9606.ENSP00000263080	9606.ENSP00000297770	0	0	0	0	0	0	0	0.440	0.440
B3GALT2	ST6GALNAC4	9606.ENSP00000356404	9606.ENSP00000336733	0	0	0	0	0	0	0	0.617	0.617
B3GALT2	PTGS2	9606.ENSP00000356404	9606.ENSP00000356438	0	0	0	0	0	0	0	0.406	0.406
B3GALT2	FUT2	9606.ENSP00000356404	9606.ENSP00000387498	0	0	0	0	0.045	0	0.900	0.240	0.921
B3GNT8	MUC6	9606.ENSP00000312700	9606.ENSP00000406861	0	0	0	0	0	0	0.900	0	0.900
B3GNT8	MUC4	9606.ENSP00000312700	9606.ENSP00000417498	0	0	0	0	0	0	0.900	0.062	0.902
BCHE	NRXN1	9606.ENSP00000264381	9606.ENSP00000385142	0	0	0	0	0.064	0.263	0	0.269	0.452
BCHE	MAOB	9606.ENSP00000264381	9606.ENSP00000367309	0.045	0	0	0	0.086	0	0	0.694	0.710
C1orf106	IL18R1	9606.ENSP00000392105	9606.ENSP00000387211	0	0	0	0	0	0	0	0.448	0.448
C6orf174	CRTAC1	9606.ENSP00000451768	9606.ENSP00000359629	0	0	0	0	0.108	0	0	0.517	0.552
CA2	HBA2	9606.ENSP00000285379	9606.ENSP00000251595	0	0	0	0	0.090	0	0	0.385	0.417
CA2	HBA1	9606.ENSP00000285379	9606.ENSP00000322421	0	0	0	0	0.083	0	0	0.385	0.412
CA2	SLC8A1	9606.ENSP00000285379	9606.ENSP00000384763	0	0	0	0	0.062	0	0	0.400	0.413
CA2	SLC2A5	9606.ENSP00000285379	9606.ENSP00000366641	0	0	0	0	0	0	0	0.437	0.437
CA2	HBB	9606.ENSP00000285379	9606.ENSP00000333994	0	0	0	0	0.076	0	0	0.460	0.480
CALML3	CTTNBP2	9606.ENSP00000315299	9606.ENSP00000160373	0	0	0	0	0	0.105	0	0.426	0.464
CALML3	PPP1R3C	9606.ENSP00000315299	9606.ENSP00000238994	0	0	0	0	0.053	0	0.600	0	0.605
CALML3	KRT6A	9606.ENSP00000315299	9606.ENSP00000369317	0	0	0	0	0.301	0	0	0.199	0.416
CALML3	MYLK	9606.ENSP00000315299	9606.ENSP00000353452	0	0	0	0	0	0.269	0.600	0	0.695
CALML3	CAV1	9606.ENSP00000315299	9606.ENSP00000339191	0	0	0	0	0	0	0.800	0.053	0.802
CALML3	NOS1	9606.ENSP00000315299	9606.ENSP00000477999	0	0	0	0	0	0.308	0.800	0	0.855
CAPN6	DMD	9606.ENSP00000317214	9606.ENSP00000354923	0	0	0	0	0.104	0	0	0.384	0.424
CAV1	CD38	9606.ENSP00000339191	9606.ENSP00000226279	0	0	0	0	0	0	0	0.456	0.456
CAV1	ITGB6	9606.ENSP00000339191	9606.ENSP00000283249	0	0	0	0	0.076	0	0.600	0.158	0.661
CAV1	KCNMA1	9606.ENSP00000339191	9606.ENSP00000286628	0	0	0	0	0.080	0.305	0	0.518	0.665
CAV1	PGR	9606.ENSP00000339191	9606.ENSP00000325120	0	0	0	0	0	0.074	0	0.381	0.402
CAV1	MYLK	9606.ENSP00000339191	9606.ENSP00000353452	0	0	0	0	0.076	0	0	0.400	0.421
CAV1	NOS1	9606.ENSP00000339191	9606.ENSP00000477999	0	0	0	0	0	0	0	0.448	0.448
CAV1	PTGS1	9606.ENSP00000339191	9606.ENSP00000354612	0	0	0	0	0.062	0.379	0	0.145	0.458
CAV1	SNAI2	9606.ENSP00000339191	9606.ENSP00000380034	0	0	0	0	0.300	0	0	0.330	0.510
CAV1	EPHA2	9606.ENSP00000339191	9606.ENSP00000351209	0	0	0	0	0.255	0.057	0	0.571	0.672
CAV1	FN1	9606.ENSP00000339191	9606.ENSP00000346839	0	0	0	0	0.286	0	0	0.593	0.697
CAV1	ID1	9606.ENSP00000339191	9606.ENSP00000365280	0	0	0	0	0.139	0.379	0	0.545	0.735
CAV1	EDNRB	9606.ENSP00000339191	9606.ENSP00000366416	0	0	0	0	0	0.379	0	0.612	0.749
CAV1	PTGS2	9606.ENSP00000339191	9606.ENSP00000356438	0	0	0	0	0.084	0.379	0	0.669	0.795
CAV1	FLNA	9606.ENSP00000339191	9606.ENSP00000358866	0	0	0	0	0.088	0.379	0	0.699	0.815
CCBE1	LYVE1	9606.ENSP00000404464	9606.ENSP00000256178	0	0	0	0	0.061	0	0	0.520	0.530
CCDC85A	TMEM35	9606.ENSP00000384040	9606.ENSP00000362021	0	0	0	0	0.062	0	0	0.424	0.436
CCDC85A	TMEM132C	9606.ENSP00000384040	9606.ENSP00000410852	0	0	0	0	0.136	0	0	0.578	0.620
CCK	SNAP25	9606.ENSP00000379472	9606.ENSP00000254976	0	0	0	0	0.380	0	0	0.240	0.509
CCK	PENK	9606.ENSP00000379472	9606.ENSP00000324248	0	0	0	0	0.152	0	0	0.562	0.613
CCK	EDNRB	9606.ENSP00000379472	9606.ENSP00000366416	0	0	0	0	0.069	0	0.900	0.108	0.909
CCK	RBFOX3	9606.ENSP00000379472	9606.ENSP00000463653	0	0	0	0	0.246	0	0	0.268	0.425
CCK	CPNE6	9606.ENSP00000379472	9606.ENSP00000440077	0	0	0	0	0.463	0	0	0	0.463
CD177	OLFM4	9606.ENSP00000479536	9606.ENSP00000219022	0	0	0	0	0.088	0	0	0.474	0.499
CD177	SNAP25	9606.ENSP00000479536	9606.ENSP00000254976	0	0	0	0	0	0	0.900	0.042	0.900
CD177	SLC2A5	9606.ENSP00000479536	9606.ENSP00000366641	0	0	0	0	0	0	0.900	0.061	0.902
CD38	GLIS1	9606.ENSP00000226279	9606.ENSP00000309653	0	0	0	0	0	0	0	0.405	0.405
CD38	PROM1	9606.ENSP00000226279	9606.ENSP00000426809	0	0	0	0	0	0	0	0.604	0.604
CD38	NCAM1	9606.ENSP00000226279	9606.ENSP00000480132	0	0	0	0	0	0	0	0.789	0.789
CD38	PRKG1	9606.ENSP00000226279	9606.ENSP00000363092	0	0	0	0	0	0	0.800	0.116	0.815
CD38	PRKCB	9606.ENSP00000226279	9606.ENSP00000305355	0	0	0	0	0.100	0	0.800	0.095	0.822
CD38	ENPP3	9606.ENSP00000226279	9606.ENSP00000406261	0	0	0	0	0.061	0	0.900	0.202	0.918
CDK18	RASL11B	9606.ENSP00000423665	9606.ENSP00000248706	0	0	0	0	0.065	0.158	0	0.307	0.407
CDK18	CHEK1	9606.ENSP00000423665	9606.ENSP00000388648	0	0	0.235	0.593	0.107	0.261	0	0.358	0.453
CEACAM6	OLFM4	9606.ENSP00000199764	9606.ENSP00000219022	0	0	0	0	0.160	0	0	0.347	0.428
CEACAM6	LRMP	9606.ENSP00000199764	9606.ENSP00000346442	0	0	0	0	0.061	0	0.900	0	0.902
CEACAM6	FN1	9606.ENSP00000199764	9606.ENSP00000346839	0	0	0	0	0	0	0.900	0.262	0.923
CHEK1	PROM1	9606.ENSP00000388648	9606.ENSP00000426809	0	0	0	0	0	0	0	0.424	0.424
CHRDL1	PENK	9606.ENSP00000361112	9606.ENSP00000324248	0	0	0	0	0.084	0	0.900	0	0.904
CHRDL1	FN1	9606.ENSP00000361112	9606.ENSP00000346839	0	0	0	0	0	0	0.900	0.094	0.905
CHRDL1	MAMDC2	9606.ENSP00000361112	9606.ENSP00000366387	0	0	0	0	0.069	0	0	0.382	0.400
CHRDL1	JPH4	9606.ENSP00000361112	9606.ENSP00000380307	0	0	0	0	0.076	0	0	0.414	0.436
CHRDL1	MSLN	9606.ENSP00000361112	9606.ENSP00000372313	0	0	0	0	0	0	0.900	0	0.900
CHRDL1	SERPINA1	9606.ENSP00000361112	9606.ENSP00000416066	0	0	0	0	0.055	0	0.900	0	0.901
CLSTN2	NRXN1	9606.ENSP00000402460	9606.ENSP00000385142	0	0	0	0	0.174	0	0	0.324	0.417
CLU	ORM1	9606.ENSP00000315130	9606.ENSP00000259396	0	0	0	0	0	0	0.900	0.327	0.929
CLU	LPL	9606.ENSP00000315130	9606.ENSP00000309757	0	0	0	0	0.061	0	0.540	0.354	0.696
CLU	SYNM	9606.ENSP00000315130	9606.ENSP00000336775	0	0	0	0	0.084	0	0	0.392	0.420
CLU	HBA1	9606.ENSP00000315130	9606.ENSP00000322421	0	0	0	0	0	0.379	0	0.174	0.465
CLU	RBFOX3	9606.ENSP00000315130	9606.ENSP00000463653	0	0	0	0	0.082	0	0	0.447	0.471
CLU	ORM2	9606.ENSP00000315130	9606.ENSP00000394936	0	0	0	0	0	0	0.900	0.293	0.926
CLU	SERPINF2	9606.ENSP00000315130	9606.ENSP00000321853	0	0	0	0	0.060	0	0.900	0.330	0.931
CLU	FN1	9606.ENSP00000315130	9606.ENSP00000346839	0	0	0	0	0	0	0.900	0.474	0.945
CLU	SERPINA1	9606.ENSP00000315130	9606.ENSP00000416066	0	0	0	0	0.061	0	0.900	0.528	0.951
CLVS2	SNAP25	9606.ENSP00000275162	9606.ENSP00000254976	0	0	0	0	0.442	0	0	0.070	0.459
COL17A1	KRT14	9606.ENSP00000340937	9606.ENSP00000167586	0	0	0	0	0.283	0	0	0.480	0.611
COL17A1	KRT5	9606.ENSP00000340937	9606.ENSP00000252242	0	0	0	0	0.288	0	0	0.400	0.554
COL17A1	TP63	9606.ENSP00000340937	9606.ENSP00000264731	0	0	0	0	0.155	0	0	0.417	0.486
COL17A1	ITGB6	9606.ENSP00000340937	9606.ENSP00000283249	0	0	0	0	0.149	0	0	0.367	0.438
COL17A1	KRT6A	9606.ENSP00000340937	9606.ENSP00000369317	0	0	0	0	0.230	0	0	0.263	0.408
COL17A1	UPK1A	9606.ENSP00000340937	9606.ENSP00000478942	0	0	0	0	0	0	0	0.467	0.467
COL17A1	DSC3	9606.ENSP00000340937	9606.ENSP00000353608	0	0	0	0	0.102	0	0	0.431	0.468
COL17A1	COL9A1	9606.ENSP00000340937	9606.ENSP00000349790	0	0	0	0.636	0	0	0.900	0.170	0.904
COL17A1	COL4A6	9606.ENSP00000340937	9606.ENSP00000378340	0	0	0	0.549	0.061	0	0.900	0.179	0.908
COL17A1	LAMB3	9606.ENSP00000340937	9606.ENSP00000375778	0	0	0	0	0.214	0	0.900	0.670	0.971
COL4A6	POF1B	9606.ENSP00000378340	9606.ENSP00000262753	0	0	0	0	0	0	0	0.404	0.404
COL4A6	ITGB6	9606.ENSP00000378340	9606.ENSP00000283249	0	0	0	0	0.057	0	0.600	0.218	0.679
COL4A6	FN1	9606.ENSP00000378340	9606.ENSP00000346839	0	0	0	0	0.101	0.313	0	0.166	0.440
COL4A6	COL9A1	9606.ENSP00000378340	9606.ENSP00000349790	0	0	0.402	0.667	0.064	0	0.900	0.050	0.914
COL4A6	FAM107A	9606.ENSP00000378340	9606.ENSP00000419124	0	0	0	0	0	0	0	0.470	0.470
COL9A1	ITGB6	9606.ENSP00000349790	9606.ENSP00000283249	0	0	0	0	0.050	0	0.600	0.126	0.638
COL9A1	PRICKLE2	9606.ENSP00000349790	9606.ENSP00000295902	0	0	0	0	0	0	0	0.419	0.418
COL9A1	SPON1	9606.ENSP00000349790	9606.ENSP00000460236	0	0	0	0	0.062	0	0	0.402	0.415
COL9A1	NCAM1	9606.ENSP00000349790	9606.ENSP00000480132	0	0	0	0	0	0	0.900	0.144	0.910
CPNE6	VSNL1	9606.ENSP00000440077	9606.ENSP00000384719	0	0	0	0	0.314	0	0	0.286	0.489
CPNE6	NRXN1	9606.ENSP00000440077	9606.ENSP00000385142	0	0	0	0	0.297	0	0	0.267	0.462
CPNE6	RBFOX3	9606.ENSP00000440077	9606.ENSP00000463653	0	0	0	0	0.315	0	0	0.259	0.471
CRABP2	CYP26B1	9606.ENSP00000482841	9606.ENSP00000001146	0	0	0	0	0.055	0	0	0.642	0.647
CTTNBP2	FLNA	9606.ENSP00000160373	9606.ENSP00000358866	0	0	0	0	0	0.133	0	0.453	0.505
CXCL13	LYVE1	9606.ENSP00000286758	9606.ENSP00000256178	0	0	0	0	0.081	0	0	0.432	0.456
CXCL13	HCAR2	9606.ENSP00000286758	9606.ENSP00000375066	0	0	0	0	0.061	0	0.900	0	0.902
CXCL13	PENK	9606.ENSP00000286758	9606.ENSP00000324248	0	0	0	0	0	0	0.900	0.113	0.907
CYP26B1	CYP3A5	9606.ENSP00000001146	9606.ENSP00000222982	0	0	0.427	0.613	0	0	0.900	0.175	0.920
CYP3A5	ZNF185	9606.ENSP00000222982	9606.ENSP00000440847	0	0	0	0	0	0	0	0.469	0.469
CYP3A5	GSTM4	9606.ENSP00000222982	9606.ENSP00000358851	0	0	0	0	0	0.064	0.650	0.222	0.723
CYP3A5	GSTM2	9606.ENSP00000222982	9606.ENSP00000241337	0	0	0	0	0	0.064	0.650	0.288	0.746
CYP3A5	GSTM3	9606.ENSP00000222982	9606.ENSP00000256594	0	0	0	0	0	0.064	0.650	0.340	0.765
CYP3A5	GSTP1	9606.ENSP00000222982	9606.ENSP00000381607	0	0	0	0	0	0.064	0.650	0.520	0.829
CYP3A5	GSTM1	9606.ENSP00000222982	9606.ENSP00000311469	0	0	0	0	0	0.064	0.650	0.559	0.842
CYP4F8	PTGS1	9606.ENSP00000477567	9606.ENSP00000354612	0	0	0	0	0.050	0	0.900	0.100	0.907
CYP4F8	PLA2G4A	9606.ENSP00000477567	9606.ENSP00000356436	0	0	0	0	0	0	0.650	0	0.650
CYP4F8	PTGS2	9606.ENSP00000477567	9606.ENSP00000356438	0	0	0	0	0.050	0	0.900	0.325	0.930
DAAM2	PRICKLE2	9606.ENSP00000381876	9606.ENSP00000295902	0	0	0	0	0.098	0.131	0	0.554	0.620
DMD	TG	9606.ENSP00000354923	9606.ENSP00000220616	0	0	0	0	0.062	0	0	0.479	0.491
DMD	ITGB6	9606.ENSP00000354923	9606.ENSP00000283249	0	0	0	0	0.064	0.260	0	0.250	0.435
DMD	KCNMA1	9606.ENSP00000354923	9606.ENSP00000286628	0	0	0	0	0.081	0	0	0.701	0.714
DMD	SYNM	9606.ENSP00000354923	9606.ENSP00000336775	0	0	0	0	0.062	0	0	0.445	0.457
DMD	FN1	9606.ENSP00000354923	9606.ENSP00000346839	0	0	0	0	0	0	0	0.430	0.430
DMD	PAK3	9606.ENSP00000354923	9606.ENSP00000353864	0	0	0	0	0.255	0.069	0.900	0.073	0.927
DMD	MYH11	9606.ENSP00000354923	9606.ENSP00000379616	0	0	0	0	0.087	0.091	0	0.403	0.461
DMD	LDB3	9606.ENSP00000354923	9606.ENSP00000401437	0	0	0	0	0.089	0.261	0	0.579	0.692
DMD	NOS1	9606.ENSP00000354923	9606.ENSP00000477999	0	0	0	0	0.074	0.472	0	0.703	0.842
DMD	LAMB3	9606.ENSP00000354923	9606.ENSP00000375778	0	0	0	0	0	0	0.900	0.057	0.901
DMD	PGM5	9606.ENSP00000354923	9606.ENSP00000379678	0	0	0	0	0.063	0.472	0.720	0.397	0.905
DPT	FN1	9606.ENSP00000356791	9606.ENSP00000346839	0	0	0	0	0.089	0	0	0.597	0.617
DSC3	KRT14	9606.ENSP00000353608	9606.ENSP00000167586	0	0	0	0	0.169	0	0	0.446	0.520
DSC3	TGM1	9606.ENSP00000353608	9606.ENSP00000206765	0	0	0	0	0.052	0	0.900	0.210	0.918
DSC3	KRT5	9606.ENSP00000353608	9606.ENSP00000252242	0	0	0	0	0.180	0	0	0.474	0.550
DSC3	KRT16	9606.ENSP00000353608	9606.ENSP00000301653	0	0	0	0	0.106	0	0	0.399	0.440
DSC3	KRT4	9606.ENSP00000353608	9606.ENSP00000448220	0	0	0	0	0.061	0	0	0.389	0.401
DUOX1	TG	9606.ENSP00000317997	9606.ENSP00000220616	0	0	0	0	0	0	0	0.441	0.441
DUOX1	DUOXA1	9606.ENSP00000317997	9606.ENSP00000267803	0	0	0	0	0.207	0	0	0.938	0.949
DUOX1	GATM	9606.ENSP00000317997	9606.ENSP00000379895	0	0	0	0	0	0	0	0.695	0.695
DUOX2	TG	9606.ENSP00000475084	9606.ENSP00000220616	0	0	0	0	0	0	0	0.557	0.557
DUOX2	DUOXA1	9606.ENSP00000475084	9606.ENSP00000267803	0	0	0	0	0.157	0	0	0.937	0.944
DUOX2	PTGS2	9606.ENSP00000475084	9606.ENSP00000356438	0	0	0	0	0.049	0.085	0	0.452	0.482
DUOX2	GATM	9606.ENSP00000475084	9606.ENSP00000379895	0	0	0	0	0	0	0	0.641	0.641
DUSP2	DUSP4	9606.ENSP00000288943	9606.ENSP00000240100	0	0	0	0.929	0	0	0.900	0.711	0.904
EDNRB	GNAO1	9606.ENSP00000366416	9606.ENSP00000262494	0	0	0	0	0.077	0.178	0.900	0.062	0.919
EDNRB	NRG1	9606.ENSP00000366416	9606.ENSP00000384620	0	0	0	0	0	0	0	0.424	0.424
EDNRB	NOS1	9606.ENSP00000366416	9606.ENSP00000477999	0	0	0	0	0.049	0	0	0.423	0.428
EDNRB	FUT2	9606.ENSP00000366416	9606.ENSP00000387498	0	0	0	0	0	0	0	0.589	0.589
EDNRB	GNAZ	9606.ENSP00000366416	9606.ENSP00000478892	0	0	0	0	0	0.178	0.900	0	0.914
ELF5	KRT14	9606.ENSP00000311010	9606.ENSP00000167586	0	0	0	0	0.063	0	0	0.436	0.449
ELF5	MUC4	9606.ENSP00000311010	9606.ENSP00000417498	0	0	0	0	0	0	0	0.405	0.405
ELF5	PGR	9606.ENSP00000311010	9606.ENSP00000325120	0	0	0	0	0	0.070	0	0.410	0.428
ELF5	SNAI2	9606.ENSP00000311010	9606.ENSP00000380034	0	0	0	0	0	0	0	0.448	0.448
ELF5	PRLR	9606.ENSP00000311010	9606.ENSP00000482954	0	0	0	0	0	0	0	0.525	0.525
ELF5	GATA3	9606.ENSP00000311010	9606.ENSP00000368632	0	0	0	0	0.063	0	0	0.618	0.626
ENPP3	ENTPD3	9606.ENSP00000406261	9606.ENSP00000301825	0	0	0	0	0.064	0.050	0.900	0.695	0.969
ENPP3	PDE7B	9606.ENSP00000406261	9606.ENSP00000310661	0	0	0	0	0.063	0.093	0.650	0.065	0.684
ENPP3	QPRT	9606.ENSP00000406261	9606.ENSP00000378782	0	0	0	0	0.061	0	0.900	0.056	0.903
ENPP3	NDE1	9606.ENSP00000406261	9606.ENSP00000379643	0	0	0	0	0	0	0	0.431	0.431
ENTPD3	PDE7B	9606.ENSP00000301825	9606.ENSP00000310661	0	0	0	0	0.061	0	0.650	0	0.657
EPHA2	TNS1	9606.ENSP00000351209	9606.ENSP00000171887	0	0	0	0	0.063	0.194	0	0.304	0.429
EPHA2	FGF10	9606.ENSP00000351209	9606.ENSP00000264664	0	0	0	0	0	0.050	0.600	0.124	0.638
EPHA2	SEMA3A	9606.ENSP00000351209	9606.ENSP00000265362	0	0	0	0	0.089	0.059	0	0.451	0.488
EPHA2	SEMA3D	9606.ENSP00000351209	9606.ENSP00000284136	0	0	0	0	0	0.059	0	0.451	0.461
EPHA2	SEMA6D	9606.ENSP00000351209	9606.ENSP00000324857	0	0	0	0	0	0.059	0	0.445	0.455
EPHA2	FN1	9606.ENSP00000351209	9606.ENSP00000346839	0	0	0	0	0.139	0.261	0	0.443	0.614
EPHA2	EPHB1	9606.ENSP00000351209	9606.ENSP00000381097	0	0	0	0.932	0	0.131	0.900	0.615	0.913
EPHB1	SEMA3A	9606.ENSP00000381097	9606.ENSP00000265362	0	0	0	0	0	0.059	0	0.554	0.562
EPHB1	SEMA3D	9606.ENSP00000381097	9606.ENSP00000284136	0	0	0	0	0.061	0.059	0	0.535	0.553
EPHB1	SEMA6D	9606.ENSP00000381097	9606.ENSP00000324857	0	0	0	0	0.079	0.059	0	0.573	0.598
EPHB1	FN1	9606.ENSP00000381097	9606.ENSP00000346839	0	0	0	0	0	0.261	0	0.379	0.522
EPHB1	PAK3	9606.ENSP00000381097	9606.ENSP00000353864	0	0	0	0.558	0.095	0.157	0.900	0.092	0.919
ERBB4	TNS1	9606.ENSP00000342235	9606.ENSP00000171887	0	0	0	0	0.062	0.094	0	0.410	0.454
ERBB4	FGF10	9606.ENSP00000342235	9606.ENSP00000264664	0	0	0	0	0.071	0	0.600	0.214	0.682
ERBB4	PRKCB	9606.ENSP00000342235	9606.ENSP00000305355	0	0	0	0.553	0.049	0.064	0.900	0.107	0.906
ERBB4	PGR	9606.ENSP00000342235	9606.ENSP00000325120	0	0	0	0	0.071	0.077	0	0.700	0.720
ERBB4	FGFR2	9606.ENSP00000342235	9606.ENSP00000410294	0	0	0	0.612	0.097	0.170	0	0.652	0.411
ERBB4	NRXN1	9606.ENSP00000342235	9606.ENSP00000385142	0	0	0	0	0.151	0	0	0.349	0.424
ERBB4	PTGS2	9606.ENSP00000342235	9606.ENSP00000356438	0	0	0	0	0.061	0	0	0.528	0.538
ERBB4	PRLR	9606.ENSP00000342235	9606.ENSP00000482954	0	0	0	0	0	0	0.900	0.304	0.927
ERBB4	NRG2	9606.ENSP00000342235	9606.ENSP00000354910	0	0	0	0	0.076	0.656	0.900	0.709	0.989
ERBB4	NRG1	9606.ENSP00000342235	9606.ENSP00000384620	0	0	0	0	0	0.825	0.900	0.940	0.998
EYA4	MEIS2	9606.ENSP00000432770	9606.ENSP00000453793	0	0	0	0	0.069	0	0	0.391	0.408
FADS2	LPL	9606.ENSP00000278840	9606.ENSP00000309757	0	0	0	0	0	0	0	0.425	0.424
FADS2	PLA2G4A	9606.ENSP00000278840	9606.ENSP00000356436	0	0	0	0	0	0	0.650	0.278	0.736
FAM107A	GPM6A	9606.ENSP00000419124	9606.ENSP00000280187	0	0	0	0	0.397	0	0	0.128	0.452
FAM107A	KIAA1210	9606.ENSP00000419124	9606.ENSP00000384670	0	0	0	0	0	0	0	0.416	0.416
FAM167A	NDNF	9606.ENSP00000284486	9606.ENSP00000369014	0	0	0	0	0	0	0	0.568	0.568
FAT2	ZNF750	9606.ENSP00000261800	9606.ENSP00000269394	0	0	0	0	0.064	0	0	0.555	0.566
FCGBP	MAMDC2	9606.ENSP00000481056	9606.ENSP00000366387	0	0	0	0	0	0	0	0.507	0.507
FGF10	KRT14	9606.ENSP00000264664	9606.ENSP00000167586	0	0	0	0	0	0	0	0.422	0.422
FGF10	SCGB1A1	9606.ENSP00000264664	9606.ENSP00000278282	0	0	0	0	0	0	0	0.496	0.496
FGF10	FN1	9606.ENSP00000264664	9606.ENSP00000346839	0	0	0	0	0	0	0	0.595	0.595
FGF10	FGFR2	9606.ENSP00000264664	9606.ENSP00000410294	0	0	0	0	0	0.922	0.900	0.817	0.998
FGFR2	PGR	9606.ENSP00000410294	9606.ENSP00000325120	0	0	0	0	0	0.312	0	0.448	0.604
FGFR2	FN1	9606.ENSP00000410294	9606.ENSP00000346839	0	0	0	0	0.060	0	0	0.435	0.447
FGFR2	NCAM1	9606.ENSP00000410294	9606.ENSP00000480132	0	0	0	0.551	0.096	0.350	0.900	0.326	0.944
FHL1	FLNC	9606.ENSP00000377710	9606.ENSP00000327145	0	0	0	0	0.115	0.186	0	0.347	0.489
FILIP1	FLNA	9606.ENSP00000237172	9606.ENSP00000358866	0	0	0	0	0	0.379	0	0.827	0.889
FLNA	ITGB6	9606.ENSP00000358866	9606.ENSP00000283249	0	0	0	0	0.076	0.664	0.600	0.119	0.876
FLNA	SYNPO2	9606.ENSP00000358866	9606.ENSP00000306015	0	0	0	0	0.063	0.450	0	0.135	0.515
FLNA	FLNC	9606.ENSP00000358866	9606.ENSP00000327145	0	0	0	0.977	0.107	0	0.800	0.727	0.816
FLNA	TMLHE	9606.ENSP00000358866	9606.ENSP00000335261	0	0	0	0	0	0	0	0.500	0.499
FLNA	FN1	9606.ENSP00000358866	9606.ENSP00000346839	0	0	0	0	0.096	0.063	0	0.493	0.533
FLNA	MYLK	9606.ENSP00000358866	9606.ENSP00000353452	0	0	0	0	0.063	0.126	0	0.450	0.510
FLNA	PAK3	9606.ENSP00000358866	9606.ENSP00000353864	0	0	0	0	0.061	0.159	0.900	0.058	0.915
FLNA	PALLD	9606.ENSP00000358866	9606.ENSP00000425556	0	0	0	0	0.050	0.110	0	0.382	0.431
FLNA	MYH11	9606.ENSP00000358866	9606.ENSP00000379616	0	0	0	0	0.066	0.184	0	0.451	0.545
FLNC	HSPB8	9606.ENSP00000327145	9606.ENSP00000281938	0	0	0	0	0.157	0.069	0	0.401	0.489
FLNC	ITGB6	9606.ENSP00000327145	9606.ENSP00000283249	0	0	0	0	0.064	0.531	0.600	0.107	0.822
FLNC	SYNPO2	9606.ENSP00000327145	9606.ENSP00000306015	0	0	0	0	0.080	0.450	0	0.449	0.697
FLNC	FN1	9606.ENSP00000327145	9606.ENSP00000346839	0	0	0	0	0.283	0.080	0	0.310	0.505
FLNC	SYNM	9606.ENSP00000327145	9606.ENSP00000336775	0	0	0	0	0.142	0.379	0	0.297	0.592
FLNC	PGM5	9606.ENSP00000327145	9606.ENSP00000379678	0	0	0	0	0.063	0.067	0	0.574	0.595
FLNC	MYH11	9606.ENSP00000327145	9606.ENSP00000379616	0	0	0	0	0.064	0.129	0	0.607	0.651
FLNC	LDB3	9606.ENSP00000327145	9606.ENSP00000401437	0	0	0	0	0.064	0.151	0	0.726	0.763
FN1	KRT14	9606.ENSP00000346839	9606.ENSP00000167586	0	0	0	0	0	0	0	0.472	0.472
FN1	TNS1	9606.ENSP00000346839	9606.ENSP00000171887	0	0	0	0	0.088	0	0	0.527	0.550
FN1	TGFBR3	9606.ENSP00000346839	9606.ENSP00000212355	0	0	0	0	0.061	0	0	0.412	0.424
FN1	LYVE1	9606.ENSP00000346839	9606.ENSP00000256178	0	0	0	0	0.061	0	0	0.440	0.451
FN1	ORM1	9606.ENSP00000346839	9606.ENSP00000259396	0	0	0	0	0	0	0.900	0.173	0.913
FN1	SEMA3A	9606.ENSP00000346839	9606.ENSP00000265362	0	0	0	0	0.088	0	0	0.473	0.498
FN1	SCGB1A1	9606.ENSP00000346839	9606.ENSP00000278282	0	0	0	0	0	0.379	0	0.865	0.912
FN1	ITGB6	9606.ENSP00000346839	9606.ENSP00000283249	0	0	0	0	0.063	0.379	0.900	0.449	0.963
FN1	SERPINF2	9606.ENSP00000346839	9606.ENSP00000321853	0	0	0	0	0	0.264	0.900	0.442	0.955
FN1	PENK	9606.ENSP00000346839	9606.ENSP00000324248	0	0	0	0	0	0	0.900	0.058	0.901
FN1	PGR	9606.ENSP00000346839	9606.ENSP00000325120	0	0	0	0	0	0	0	0.411	0.410
FN1	RND2	9606.ENSP00000346839	9606.ENSP00000466680	0	0	0	0	0	0	0	0.400	0.400
FN1	MYH11	9606.ENSP00000346839	9606.ENSP00000379616	0	0	0	0	0	0	0	0.411	0.410
FN1	MYOCD	9606.ENSP00000346839	9606.ENSP00000401678	0	0	0	0	0.077	0	0	0.388	0.410
FN1	PRKG1	9606.ENSP00000346839	9606.ENSP00000363092	0	0	0	0	0.077	0	0	0.387	0.410
FN1	SERPINB5	9606.ENSP00000346839	9606.ENSP00000372221	0	0	0	0	0	0	0	0.427	0.427
FN1	ID1	9606.ENSP00000346839	9606.ENSP00000365280	0	0	0	0	0.089	0	0	0.400	0.430
FN1	MYLK	9606.ENSP00000346839	9606.ENSP00000353452	0	0	0	0	0.099	0	0	0.540	0.568
FN1	NCAM1	9606.ENSP00000346839	9606.ENSP00000480132	0	0	0	0	0	0	0	0.603	0.603
FN1	PROM1	9606.ENSP00000346839	9606.ENSP00000426809	0	0	0	0	0	0	0	0.640	0.640
FN1	PTGS2	9606.ENSP00000346839	9606.ENSP00000356438	0	0	0	0	0.061	0	0	0.738	0.744
FN1	SNAI2	9606.ENSP00000346839	9606.ENSP00000380034	0	0	0	0	0.283	0	0	0.863	0.898
FN1	ORM2	9606.ENSP00000346839	9606.ENSP00000394936	0	0	0	0	0	0	0.900	0.078	0.903
FN1	MSLN	9606.ENSP00000346839	9606.ENSP00000372313	0	0	0	0	0.062	0	0.900	0.253	0.923
FN1	SERPINA1	9606.ENSP00000346839	9606.ENSP00000416066	0	0	0	0	0	0.264	0.900	0.517	0.961
FUT2	SLC14A1	9606.ENSP00000387498	9606.ENSP00000390637	0	0	0	0	0.061	0	0	0.469	0.480
G0S2	LAMB3	9606.ENSP00000355996	9606.ENSP00000375778	0	0	0	0	0.179	0	0	0.326	0.423
GATA3	KRT14	9606.ENSP00000368632	9606.ENSP00000167586	0	0	0	0	0.062	0	0	0.448	0.460
GATA3	KRT5	9606.ENSP00000368632	9606.ENSP00000252242	0	0	0	0	0.051	0	0	0.554	0.558
GATA3	PGR	9606.ENSP00000368632	9606.ENSP00000325120	0	0	0	0	0.054	0.064	0.900	0.576	0.957
GATA3	KRT7	9606.ENSP00000368632	9606.ENSP00000329243	0	0	0	0	0.082	0	0	0.578	0.596
GATA3	TSLP	9606.ENSP00000368632	9606.ENSP00000339804	0	0	0	0	0	0	0	0.777	0.777
GATA3	KRT4	9606.ENSP00000368632	9606.ENSP00000448220	0	0	0	0	0.049	0	0	0.414	0.418
GATA3	NCAM1	9606.ENSP00000368632	9606.ENSP00000480132	0	0	0	0	0	0.060	0	0.427	0.438
GATA3	SERPINB5	9606.ENSP00000368632	9606.ENSP00000372221	0	0	0	0	0.062	0	0	0.457	0.469
GATM	NOS1	9606.ENSP00000379895	9606.ENSP00000477999	0	0	0	0	0.052	0	0.900	0.286	0.926
GCNT4	ST6GALNAC2	9606.ENSP00000317027	9606.ENSP00000225276	0	0	0	0	0	0	0	0.405	0.405
GCNT4	MUC4	9606.ENSP00000317027	9606.ENSP00000417498	0	0	0	0	0.062	0	0.900	0.135	0.911
GCNT4	MUC6	9606.ENSP00000317027	9606.ENSP00000406861	0	0	0	0	0.055	0	0.900	0.250	0.923
GGT6	TGM1	9606.ENSP00000370962	9606.ENSP00000206765	0	0	0	0	0	0	0	0.490	0.489
GGT6	GSTM2	9606.ENSP00000370962	9606.ENSP00000241337	0	0	0	0	0.061	0	0.650	0.147	0.695
GGT6	GSTM3	9606.ENSP00000370962	9606.ENSP00000256594	0	0	0	0	0.061	0	0.650	0.178	0.706
GGT6	GSTM1	9606.ENSP00000370962	9606.ENSP00000311469	0	0	0	0	0.062	0	0.650	0.143	0.694
GGT6	GSTM4	9606.ENSP00000370962	9606.ENSP00000358851	0	0	0	0	0.061	0	0.650	0.125	0.687
GGT6	GSTP1	9606.ENSP00000370962	9606.ENSP00000381607	0	0	0	0	0	0	0.650	0.092	0.668
GGT6	GPX2	9606.ENSP00000370962	9606.ENSP00000374265	0	0	0	0	0.091	0	0.650	0.418	0.798
GLIS1	TGM1	9606.ENSP00000309653	9606.ENSP00000206765	0	0	0	0	0	0	0	0.464	0.463
GLIS3	KCNQ1	9606.ENSP00000371398	9606.ENSP00000155840	0	0	0	0	0.062	0.050	0	0.388	0.407
GNAO1	SNAP25	9606.ENSP00000262494	9606.ENSP00000254976	0	0	0	0	0.369	0	0	0.212	0.482
GNAO1	RGS7BP	9606.ENSP00000262494	9606.ENSP00000334851	0	0	0	0	0.293	0	0	0.234	0.435
GNAO1	LPHN3	9606.ENSP00000262494	9606.ENSP00000422533	0	0	0	0	0	0.085	0	0.500	0.522
GNAO1	PRKG1	9606.ENSP00000262494	9606.ENSP00000363092	0	0	0	0	0.051	0.125	0	0.501	0.549
GNAO1	KCNJ5	9606.ENSP00000262494	9606.ENSP00000433295	0	0	0	0	0.061	0	0.600	0.163	0.658
GNAO1	PRKCB	9606.ENSP00000262494	9606.ENSP00000305355	0	0	0	0	0.086	0.084	0.600	0.160	0.681
GNAO1	PLA2G4A	9606.ENSP00000262494	9606.ENSP00000356436	0	0	0	0	0.061	0.183	0.600	0.086	0.681
GNAO1	KCNJ3	9606.ENSP00000262494	9606.ENSP00000295101	0	0	0	0	0.097	0	0.600	0.293	0.722
GNAO1	GNAZ	9606.ENSP00000262494	9606.ENSP00000478892	0	0	0	0.959	0.152	0	0.900	0.661	0.913
GNAZ	PRKCB	9606.ENSP00000478892	9606.ENSP00000305355	0	0	0	0	0.062	0.084	0.900	0.097	0.912
GNAZ	SPOCK3	9606.ENSP00000478892	9606.ENSP00000349677	0	0	0	0	0.114	0	0	0.386	0.433
GNAZ	PLA2G4A	9606.ENSP00000478892	9606.ENSP00000356436	0	0	0	0	0.061	0.183	0.600	0.086	0.681
GPM6A	SNAP25	9606.ENSP00000280187	9606.ENSP00000254976	0	0	0	0	0.408	0	0	0.190	0.500
GPM6A	NRXN1	9606.ENSP00000280187	9606.ENSP00000385142	0	0	0	0	0.352	0	0	0.128	0.411
GPM6A	MAP1A	9606.ENSP00000280187	9606.ENSP00000300231	0	0	0	0	0.215	0	0	0.345	0.465
GPR64	WFDC2	9606.ENSP00000369198	9606.ENSP00000361761	0	0	0	0	0	0	0	0.426	0.426
GPR87	PROM1	9606.ENSP00000260843	9606.ENSP00000426809	0	0	0	0	0	0	0	0.527	0.527
GPRC5B	L3MBTL4	9606.ENSP00000300571	9606.ENSP00000382976	0	0	0	0	0	0	0	0.682	0.682
GPX2	GSTM2	9606.ENSP00000374265	9606.ENSP00000241337	0	0	0	0	0.061	0	0.650	0.438	0.799
GPX2	GSTM3	9606.ENSP00000374265	9606.ENSP00000256594	0	0	0	0	0.061	0	0.650	0.786	0.923
GPX2	GSTM1	9606.ENSP00000374265	9606.ENSP00000311469	0	0	0	0	0.061	0	0.650	0.497	0.820
GPX2	PTGS2	9606.ENSP00000374265	9606.ENSP00000356438	0	0	0	0	0	0	0	0.408	0.408
GPX2	GSTM4	9606.ENSP00000374265	9606.ENSP00000358851	0	0	0	0	0.061	0	0.650	0.427	0.795
GPX2	GSTP1	9606.ENSP00000374265	9606.ENSP00000381607	0	0	0	0	0.061	0	0.650	0.483	0.815
GRAMD1B	VSNL1	9606.ENSP00000402457	9606.ENSP00000384719	0	0	0	0	0.084	0	0	0.530	0.552
GSTM1	GSTM2	9606.ENSP00000311469	9606.ENSP00000241337	0	0	0.447	0.981	0.830	0.379	0.650	0.831	0.960
GSTM1	GSTM3	9606.ENSP00000311469	9606.ENSP00000256594	0	0	0.447	0.974	0.080	0.234	0.650	0.799	0.740
GSTM1	GSTP1	9606.ENSP00000311469	9606.ENSP00000381607	0	0	0	0.782	0	0	0.650	0.927	0.720
GSTM1	GSTM4	9606.ENSP00000311469	9606.ENSP00000358851	0	0	0.448	0.982	0.266	0	0.650	0.752	0.737
GSTM2	POU2F3	9606.ENSP00000241337	9606.ENSP00000260264	0	0	0	0	0	0	0	0.512	0.512
GSTM2	GSTP1	9606.ENSP00000241337	9606.ENSP00000381607	0	0	0	0.803	0	0	0.650	0.801	0.704
GSTM2	GSTM4	9606.ENSP00000241337	9606.ENSP00000358851	0	0	0.448	0.981	0.319	0.943	0.650	0.905	0.985
GSTM2	GSTM3	9606.ENSP00000241337	9606.ENSP00000256594	0	0	0.447	0.972	0.094	0.971	0.650	0.904	0.990
GSTM3	SERPINB5	9606.ENSP00000256594	9606.ENSP00000372221	0	0	0	0	0	0.358	0	0.131	0.418
GSTM3	GSTP1	9606.ENSP00000256594	9606.ENSP00000381607	0	0	0	0.828	0	0	0.650	0.782	0.696
GSTM3	GSTM4	9606.ENSP00000256594	9606.ENSP00000358851	0	0	0.447	0.974	0.059	0.864	0.650	0.800	0.952
GSTM4	GSTP1	9606.ENSP00000358851	9606.ENSP00000381607	0	0	0	0.795	0	0	0.650	0.798	0.706
GSTP1	SCGB3A1	9606.ENSP00000381607	9606.ENSP00000292641	0	0	0	0	0	0	0	0.473	0.473
GSTP1	PTGS2	9606.ENSP00000381607	9606.ENSP00000356438	0	0	0	0	0	0	0	0.491	0.491
GSTP1	SERPINA1	9606.ENSP00000381607	9606.ENSP00000416066	0	0	0	0	0	0.379	0	0.293	0.542
HBA1	HBA2	9606.ENSP00000322421	9606.ENSP00000251595	0	0	0	0.985	0.771	0.800	0.900	0.538	0.995
HBA1	HBB	9606.ENSP00000322421	9606.ENSP00000333994	0	0	0	0.900	0.786	0.989	0.800	0.905	0.999
HBA2	HBB	9606.ENSP00000251595	9606.ENSP00000333994	0	0	0	0.900	0.570	0.965	0.720	0.906	0.995
HBB	OLFM4	9606.ENSP00000333994	9606.ENSP00000219022	0	0	0	0	0.070	0	0.900	0	0.903
HBB	ORM1	9606.ENSP00000333994	9606.ENSP00000259396	0	0	0	0	0	0	0.900	0.119	0.908
HCAR2	IL1RN	9606.ENSP00000375066	9606.ENSP00000259206	0	0	0	0	0.376	0	0	0.161	0.454
HCAR2	PENK	9606.ENSP00000375066	9606.ENSP00000324248	0	0	0	0	0	0	0.900	0	0.900
HOXB2	MEIS2	9606.ENSP00000331741	9606.ENSP00000453793	0	0	0	0	0.049	0.085	0	0.387	0.420
HOXB2	HOXB3	9606.ENSP00000331741	9606.ENSP00000417207	0	0	0	0.711	0.425	0	0	0.798	0.556
HOXB3	MEIS2	9606.ENSP00000417207	9606.ENSP00000453793	0	0	0	0	0.050	0.085	0	0.508	0.535
HOXD11	MEIS2	9606.ENSP00000249504	9606.ENSP00000453793	0	0	0	0	0.049	0.280	0	0.213	0.414
HOXD11	HOXD13	9606.ENSP00000249504	9606.ENSP00000376322	0	0	0	0.633	0.377	0	0	0.918	0.586
HOXD13	MEIS2	9606.ENSP00000376322	9606.ENSP00000453793	0	0	0	0	0.049	0.280	0	0.264	0.452
HSPA6	HSPB8	9606.ENSP00000310219	9606.ENSP00000281938	0	0	0	0	0.061	0.082	0	0.497	0.528
HSPB8	SYNPO2	9606.ENSP00000281938	9606.ENSP00000306015	0	0	0	0	0.102	0	0	0.389	0.427
HSPB8	MPZ	9606.ENSP00000281938	9606.ENSP00000432943	0	0	0	0	0	0	0	0.473	0.473
ID1	SNAI2	9606.ENSP00000365280	9606.ENSP00000380034	0	0	0	0	0.108	0	0	0.390	0.433
IGSF1	TGFBR3	9606.ENSP00000359940	9606.ENSP00000212355	0	0	0	0	0	0	0	0.474	0.474
IL18R1	IL1RN	9606.ENSP00000387211	9606.ENSP00000259206	0	0	0	0	0.076	0.060	0	0.405	0.438
IL1RN	SERPINA1	9606.ENSP00000259206	9606.ENSP00000416066	0	0	0	0	0.300	0	0	0.313	0.498
IL1RN	PTGS2	9606.ENSP00000259206	9606.ENSP00000356438	0	0	0	0	0.192	0	0	0.530	0.604
ITGB6	PRKCB	9606.ENSP00000283249	9606.ENSP00000305355	0	0	0	0	0	0.088	0.600	0	0.619
ITGB6	LAMB3	9606.ENSP00000283249	9606.ENSP00000375778	0	0	0	0	0.219	0	0.600	0.451	0.813
KCNAB1	KCNQ1	9606.ENSP00000419952	9606.ENSP00000155840	0	0	0	0	0.054	0.189	0.900	0.328	0.941
KCNAB1	KCNMA1	9606.ENSP00000419952	9606.ENSP00000286628	0	0	0	0	0.085	0	0	0.414	0.442
KCNAB1	KCNQ5	9606.ENSP00000419952	9606.ENSP00000345055	0	0	0	0	0.088	0.189	0.900	0.199	0.932
KCNJ15	SCARA3	9606.ENSP00000331698	9606.ENSP00000301904	0	0	0	0	0	0	0	0.496	0.497
KCNJ15	KCNJ5	9606.ENSP00000331698	9606.ENSP00000433295	0	0	0.447	0.883	0.061	0.552	0	0.695	0.616
KCNJ3	KCNQ1	9606.ENSP00000295101	9606.ENSP00000155840	0	0	0	0	0.061	0	0	0.521	0.531
KCNJ3	KCNMA1	9606.ENSP00000295101	9606.ENSP00000286628	0	0	0	0	0.063	0	0	0.425	0.438
KCNJ3	RGS7BP	9606.ENSP00000295101	9606.ENSP00000334851	0	0	0	0	0.129	0	0	0.369	0.427
KCNJ3	SLC8A1	9606.ENSP00000295101	9606.ENSP00000384763	0	0	0	0	0.062	0	0	0.430	0.443
KCNJ3	KCNJ5	9606.ENSP00000295101	9606.ENSP00000433295	0	0	0.401	0.951	0.050	0.867	0	0.920	0.876
KCNJ5	KCNQ1	9606.ENSP00000433295	9606.ENSP00000155840	0	0	0	0	0	0	0	0.658	0.658
KCNMA1	KCNQ1	9606.ENSP00000286628	9606.ENSP00000155840	0	0	0	0	0.061	0	0	0.543	0.552
KCNMA1	SNAP25	9606.ENSP00000286628	9606.ENSP00000254976	0	0	0	0	0.183	0.052	0	0.337	0.442
KCNMA1	KCNQ5	9606.ENSP00000286628	9606.ENSP00000345055	0	0	0	0	0.085	0	0	0.515	0.537
KCNMA1	MAP1A	9606.ENSP00000286628	9606.ENSP00000300231	0	0	0	0	0.132	0.521	0	0.118	0.602
KCNMA1	PRKG1	9606.ENSP00000286628	9606.ENSP00000363092	0	0	0	0	0.088	0	0.800	0.459	0.892
KCNQ1	TGM1	9606.ENSP00000155840	9606.ENSP00000206765	0	0	0	0	0	0	0	0.400	0.400
KCNQ1	SP6	9606.ENSP00000155840	9606.ENSP00000438209	0	0	0	0	0	0.050	0	0.508	0.512
KCNQ1	KCNQ5	9606.ENSP00000155840	9606.ENSP00000345055	0	0	0	0.863	0	0	0.800	0.785	0.821
KIAA1210	TMEM35	9606.ENSP00000384670	9606.ENSP00000362021	0	0	0	0	0.168	0	0	0.571	0.627
KRT13	KRT14	9606.ENSP00000246635	9606.ENSP00000167586	0	0	0	0.963	0.170	0	0.900	0.738	0.915
KRT13	KRT23	9606.ENSP00000246635	9606.ENSP00000209718	0	0	0	0.894	0.102	0	0.900	0.169	0.907
KRT13	UPK1A	9606.ENSP00000246635	9606.ENSP00000478942	0	0	0	0	0	0	0	0.511	0.511
KRT13	KRT16	9606.ENSP00000246635	9606.ENSP00000301653	0	0	0	0.963	0.214	0	0.900	0.670	0.920
KRT13	KRT5	9606.ENSP00000246635	9606.ENSP00000252242	0	0	0	0.802	0.230	0.185	0.900	0.670	0.940
KRT13	KRT6A	9606.ENSP00000246635	9606.ENSP00000369317	0	0	0	0.763	0.318	0.238	0.900	0.311	0.947
KRT13	KRT7	9606.ENSP00000246635	9606.ENSP00000329243	0	0	0	0.717	0.119	0.343	0.900	0.700	0.949
KRT13	KRT15	9606.ENSP00000246635	9606.ENSP00000254043	0	0	0	0.974	0.537	0	0.900	0.803	0.952
KRT13	KRT4	9606.ENSP00000246635	9606.ENSP00000448220	0	0	0	0.766	0.422	0.243	0.900	0.772	0.961
KRT14	LAMB3	9606.ENSP00000167586	9606.ENSP00000375778	0	0	0	0	0.139	0	0	0.349	0.416
KRT14	SCGB1A1	9606.ENSP00000167586	9606.ENSP00000278282	0	0	0	0	0	0	0	0.438	0.438
KRT14	PROM1	9606.ENSP00000167586	9606.ENSP00000426809	0	0	0	0	0	0	0	0.440	0.440
KRT14	LGR6	9606.ENSP00000167586	9606.ENSP00000356247	0	0	0	0	0	0	0	0.444	0.444
KRT14	SNAI2	9606.ENSP00000167586	9606.ENSP00000380034	0	0	0	0	0.088	0	0	0.446	0.473
KRT14	TGM1	9606.ENSP00000167586	9606.ENSP00000206765	0	0	0	0	0.107	0	0	0.440	0.479
KRT14	TRIM29	9606.ENSP00000167586	9606.ENSP00000343129	0	0	0	0	0.342	0	0	0.249	0.485
KRT14	SERPINB5	9606.ENSP00000167586	9606.ENSP00000372221	0	0	0	0	0.318	0	0	0.349	0.537
KRT14	TP63	9606.ENSP00000167586	9606.ENSP00000264731	0	0	0	0	0.172	0	0	0.569	0.628
KRT14	PGR	9606.ENSP00000167586	9606.ENSP00000325120	0	0	0	0	0.049	0.043	0	0.668	0.671
KRT14	KRT23	9606.ENSP00000167586	9606.ENSP00000209718	0	0	0	0.892	0.077	0	0.900	0.534	0.909
KRT14	KRT15	9606.ENSP00000167586	9606.ENSP00000254043	0	0	0	0.965	0.352	0	0.900	0.733	0.934
KRT14	KRT7	9606.ENSP00000167586	9606.ENSP00000329243	0	0	0	0.702	0.118	0.268	0.900	0.733	0.944
KRT14	KRT4	9606.ENSP00000167586	9606.ENSP00000448220	0	0	0	0.732	0.129	0.265	0.900	0.796	0.945
KRT14	KRT16	9606.ENSP00000167586	9606.ENSP00000301653	0	0	0	0.982	0.682	0	0.900	0.801	0.967
KRT14	KRT6A	9606.ENSP00000167586	9606.ENSP00000369317	0	0	0	0.750	0.539	0.265	0.900	0.735	0.969
KRT14	KRT5	9606.ENSP00000167586	9606.ENSP00000252242	0	0	0	0.781	0.742	0.991	0.900	0.950	0.999
KRT15	KRT23	9606.ENSP00000254043	9606.ENSP00000209718	0	0	0	0.900	0.113	0	0.900	0.568	0.912
KRT15	KRT5	9606.ENSP00000254043	9606.ENSP00000252242	0	0	0	0.784	0.387	0.237	0.900	0.642	0.956
KRT15	LGR6	9606.ENSP00000254043	9606.ENSP00000356247	0	0	0	0	0	0	0	0.642	0.642
KRT15	KRT16	9606.ENSP00000254043	9606.ENSP00000301653	0	0	0	0.964	0.183	0	0.900	0.700	0.916
KRT15	KRT7	9606.ENSP00000254043	9606.ENSP00000329243	0	0	0	0.717	0.147	0.185	0.900	0.553	0.935
KRT15	KRT4	9606.ENSP00000254043	9606.ENSP00000448220	0	0	0	0.751	0.125	0.239	0.900	0.702	0.940
KRT15	KRT6A	9606.ENSP00000254043	9606.ENSP00000369317	0	0	0	0.757	0.175	0.253	0.900	0.550	0.941
KRT16	TGM1	9606.ENSP00000301653	9606.ENSP00000206765	0	0	0	0	0.114	0	0	0.467	0.508
KRT16	KRT23	9606.ENSP00000301653	9606.ENSP00000209718	0	0	0	0.898	0.127	0	0.900	0.510	0.913
KRT16	KRT5	9606.ENSP00000301653	9606.ENSP00000252242	0	0	0	0.780	0.533	0.910	0.900	0.673	0.996
KRT16	TRIM29	9606.ENSP00000301653	9606.ENSP00000343129	0	0	0	0	0.525	0	0	0.116	0.562
KRT16	KRT7	9606.ENSP00000301653	9606.ENSP00000329243	0	0	0	0.703	0.208	0.185	0.900	0.477	0.939
KRT16	KRT4	9606.ENSP00000301653	9606.ENSP00000448220	0	0	0	0.720	0.172	0.218	0.900	0.712	0.943
KRT16	KRT6A	9606.ENSP00000301653	9606.ENSP00000369317	0	0	0	0.757	0.566	0.227	0.900	0.800	0.970
KRT23	KRT7	9606.ENSP00000209718	9606.ENSP00000329243	0	0	0	0.655	0.103	0	0.900	0.298	0.915
KRT23	KRT5	9606.ENSP00000209718	9606.ENSP00000252242	0	0	0	0.663	0.112	0	0.900	0.287	0.915
KRT23	KRT4	9606.ENSP00000209718	9606.ENSP00000448220	0	0	0	0.624	0.076	0	0.900	0.389	0.916
KRT23	KRT6A	9606.ENSP00000209718	9606.ENSP00000369317	0	0	0	0.641	0.097	0	0.900	0.457	0.920
KRT4	TGM1	9606.ENSP00000448220	9606.ENSP00000206765	0	0	0	0	0.108	0	0	0.402	0.444
KRT4	KRT5	9606.ENSP00000448220	9606.ENSP00000252242	0	0	0	0.967	0.158	0	0.900	0.588	0.913
KRT4	TP63	9606.ENSP00000448220	9606.ENSP00000264731	0	0	0	0	0.068	0	0	0.531	0.545
KRT4	SCGB1A1	9606.ENSP00000448220	9606.ENSP00000278282	0	0	0	0	0.117	0	0	0.498	0.539
KRT4	KRT7	9606.ENSP00000448220	9606.ENSP00000329243	0	0	0	0.952	0.145	0	0.900	0.643	0.913
KRT4	KRT6A	9606.ENSP00000448220	9606.ENSP00000369317	0	0	0	0.966	0.184	0	0.900	0.670	0.916
KRT5	TGM1	9606.ENSP00000252242	9606.ENSP00000206765	0	0	0	0	0.117	0	0	0.409	0.456
KRT5	LAMB3	9606.ENSP00000252242	9606.ENSP00000375778	0	0	0	0	0.137	0	0	0.343	0.409
KRT5	SNAI2	9606.ENSP00000252242	9606.ENSP00000380034	0	0	0	0	0	0	0	0.432	0.432
KRT5	MUC6	9606.ENSP00000252242	9606.ENSP00000406861	0	0	0	0	0	0.186	0	0.351	0.449
KRT5	SERPINB5	9606.ENSP00000252242	9606.ENSP00000372221	0	0	0	0	0.269	0	0	0.313	0.476
KRT5	PROM1	9606.ENSP00000252242	9606.ENSP00000426809	0	0	0	0	0	0	0	0.495	0.495
KRT5	MSLN	9606.ENSP00000252242	9606.ENSP00000372313	0	0	0	0	0.069	0	0	0.528	0.541
KRT5	NCAM1	9606.ENSP00000252242	9606.ENSP00000480132	0	0	0	0	0	0	0	0.556	0.556
KRT5	SCGB1A1	9606.ENSP00000252242	9606.ENSP00000278282	0	0	0	0	0.086	0	0	0.605	0.624
KRT5	TP63	9606.ENSP00000252242	9606.ENSP00000264731	0	0	0	0	0.190	0.041	0	0.621	0.680
KRT5	TRIM29	9606.ENSP00000252242	9606.ENSP00000343129	0	0	0	0	0.550	0	0	0.443	0.738
KRT5	PGR	9606.ENSP00000252242	9606.ENSP00000325120	0	0	0	0	0	0	0	0.790	0.790
KRT5	KRT7	9606.ENSP00000252242	9606.ENSP00000329243	0	0	0	0.960	0.107	0	0.900	0.866	0.910
KRT5	KRT6A	9606.ENSP00000252242	9606.ENSP00000369317	0	0	0	0.979	0.632	0	0.900	0.659	0.962
KRT6A	TGM1	9606.ENSP00000369317	9606.ENSP00000206765	0	0	0	0	0.122	0	0	0.348	0.404
KRT6A	KRT7	9606.ENSP00000369317	9606.ENSP00000329243	0	0	0	0.958	0.111	0	0.900	0.757	0.910
KRT6A	SERPINB5	9606.ENSP00000369317	9606.ENSP00000372221	0	0	0	0	0.343	0	0	0.172	0.433
KRT7	TG	9606.ENSP00000329243	9606.ENSP00000220616	0	0	0	0	0	0	0	0.641	0.641
KRT7	PGR	9606.ENSP00000329243	9606.ENSP00000325120	0	0	0	0	0	0	0	0.678	0.678
KRT7	MUC4	9606.ENSP00000329243	9606.ENSP00000417498	0	0	0	0	0.081	0	0	0.421	0.445
KRT7	MSLN	9606.ENSP00000329243	9606.ENSP00000372313	0	0	0	0	0.163	0	0	0.444	0.514
KRT7	PROM1	9606.ENSP00000329243	9606.ENSP00000426809	0	0	0	0	0	0	0	0.534	0.534
KRT7	NCAM1	9606.ENSP00000329243	9606.ENSP00000480132	0	0	0	0	0	0	0	0.709	0.709
KRT7	MUC6	9606.ENSP00000329243	9606.ENSP00000406861	0	0	0	0	0	0.186	0	0.675	0.724
L3MBTL4	STAC	9606.ENSP00000382976	9606.ENSP00000273183	0	0	0	0	0.061	0	0	0.390	0.402
LAMB3	PAK3	9606.ENSP00000375778	9606.ENSP00000353864	0	0	0	0	0.053	0	0.900	0	0.901
LAMB3	SV2B	9606.ENSP00000375778	9606.ENSP00000377779	0	0	0	0	0	0	0.600	0.041	0.600
LDB3	MYH11	9606.ENSP00000401437	9606.ENSP00000379616	0	0	0	0	0.141	0.130	0	0.297	0.429
LDB3	PALLD	9606.ENSP00000401437	9606.ENSP00000425556	0	0	0	0	0.146	0	0	0.453	0.513
LGR6	OLFM4	9606.ENSP00000356247	9606.ENSP00000219022	0	0	0	0	0.062	0.185	0	0.282	0.403
LGR6	NDP	9606.ENSP00000356247	9606.ENSP00000367301	0	0	0	0	0	0.055	0	0.600	0.606
LGR6	LPHN3	9606.ENSP00000356247	9606.ENSP00000422533	0	0	0	0	0.064	0.683	0	0.125	0.717
LIPG	POU2F3	9606.ENSP00000261292	9606.ENSP00000260264	0	0	0	0	0	0	0	0.757	0.757
LIPG	LPL	9606.ENSP00000261292	9606.ENSP00000309757	0	0	0	0.932	0	0	0.900	0.755	0.905
LMOD1	SYNPO2	9606.ENSP00000356257	9606.ENSP00000306015	0	0	0	0	0.259	0	0	0.278	0.443
LMOD1	WSCD2	9606.ENSP00000356257	9606.ENSP00000331933	0	0	0	0	0.069	0	0	0.403	0.421
LMOD1	TMLHE	9606.ENSP00000356257	9606.ENSP00000335261	0	0	0	0	0	0	0	0.470	0.470
LMOD1	MYLK	9606.ENSP00000356257	9606.ENSP00000353452	0	0	0	0	0.177	0	0.900	0.336	0.940
LMOD1	PCDH7	9606.ENSP00000356257	9606.ENSP00000441802	0	0	0	0	0.088	0	0	0.468	0.494
LMOD1	MYOCD	9606.ENSP00000356257	9606.ENSP00000401678	0	0	0	0	0.187	0	0	0.500	0.576
LMOD1	SORBS1	9606.ENSP00000356257	9606.ENSP00000360293	0	0	0	0	0.118	0	0.900	0	0.908
LMOD1	MYH11	9606.ENSP00000356257	9606.ENSP00000379616	0	0	0	0	0.297	0	0.900	0.412	0.955
LPCAT2	PLA2G4A	9606.ENSP00000262134	9606.ENSP00000356436	0	0	0	0	0.076	0	0.650	0.381	0.782
LPHN3	TG	9606.ENSP00000422533	9606.ENSP00000220616	0	0	0	0	0	0	0	0.458	0.458
LPL	PDK4	9606.ENSP00000309757	9606.ENSP00000005178	0	0	0	0	0.100	0	0	0.567	0.593
LPL	PPARGC1A	9606.ENSP00000309757	9606.ENSP00000264867	0	0	0	0	0.075	0	0.900	0.486	0.948
LPL	ME1	9606.ENSP00000309757	9606.ENSP00000358719	0	0	0	0	0	0	0.900	0.231	0.919
MAOB	PPARGC1A	9606.ENSP00000367309	9606.ENSP00000264867	0	0	0	0	0.098	0	0	0.436	0.469
MAOB	SLC18A2	9606.ENSP00000367309	9606.ENSP00000298472	0	0	0	0	0.063	0	0	0.676	0.684
MAOB	NDP	9606.ENSP00000367309	9606.ENSP00000367301	0	0	0	0	0.076	0	0	0.500	0.518
MAP1A	NCAM1	9606.ENSP00000300231	9606.ENSP00000480132	0	0	0	0	0.178	0	0	0.325	0.422
ME1	PPARGC1A	9606.ENSP00000358719	9606.ENSP00000264867	0	0	0	0	0	0	0.900	0.139	0.910
MECOM	MYH11	9606.ENSP00000264674	9606.ENSP00000379616	0	0	0	0	0.059	0.050	0	0.417	0.433
MECOM	PRDM8	9606.ENSP00000264674	9606.ENSP00000339764	0	0	0	0	0	0.050	0	0.507	0.512
MECOM	SNAI2	9606.ENSP00000264674	9606.ENSP00000380034	0	0	0	0.645	0.065	0.050	0.900	0.072	0.904
MFSD2A	NDP	9606.ENSP00000361895	9606.ENSP00000367301	0	0	0	0	0	0	0	0.427	0.427
MFSD2A	SV2B	9606.ENSP00000361895	9606.ENSP00000377779	0	0	0	0	0	0	0	0.481	0.481
MPZ	NRG1	9606.ENSP00000432943	9606.ENSP00000384620	0	0	0	0	0	0	0	0.696	0.696
MSLN	PENK	9606.ENSP00000372313	9606.ENSP00000324248	0	0	0	0	0	0	0.900	0	0.900
MSLN	WFDC2	9606.ENSP00000372313	9606.ENSP00000361761	0	0	0	0	0.062	0	0	0.559	0.568
MSLN	MUC4	9606.ENSP00000372313	9606.ENSP00000417498	0	0	0	0	0	0	0	0.519	0.519
MSLN	SERPINA1	9606.ENSP00000372313	9606.ENSP00000416066	0	0	0	0	0.065	0	0.900	0.048	0.903
MUC4	ST6GALNAC2	9606.ENSP00000417498	9606.ENSP00000225276	0	0	0	0	0	0	0.900	0.268	0.923
MUC4	ST6GALNAC4	9606.ENSP00000417498	9606.ENSP00000336733	0	0	0	0	0	0	0.900	0.325	0.929
MUC4	MUC6	9606.ENSP00000417498	9606.ENSP00000406861	0	0	0	0	0.067	0	0.900	0.851	0.984
MUC6	ST6GALNAC2	9606.ENSP00000406861	9606.ENSP00000225276	0	0	0	0	0	0	0.900	0.189	0.915
MUC6	ST6GALNAC4	9606.ENSP00000406861	9606.ENSP00000336733	0	0	0	0	0	0	0.900	0.212	0.917
MYH11	MYLK	9606.ENSP00000379616	9606.ENSP00000353452	0	0	0	0	0.256	0.193	0.900	0.686	0.978
MYH11	PAK3	9606.ENSP00000379616	9606.ENSP00000353864	0	0	0	0	0.136	0.085	0.900	0.087	0.918
MYH11	SORBS1	9606.ENSP00000379616	9606.ENSP00000360293	0	0	0	0	0.108	0	0.900	0.093	0.912
MYH11	PRKG1	9606.ENSP00000379616	9606.ENSP00000363092	0	0	0	0	0.063	0.059	0	0.413	0.437
MYH11	NDE1	9606.ENSP00000379616	9606.ENSP00000379643	0	0	0	0	0	0	0	0.456	0.456
MYH11	MYOCD	9606.ENSP00000379616	9606.ENSP00000401678	0	0	0	0	0.089	0	0	0.795	0.805
MYLK	SPOCK3	9606.ENSP00000353452	9606.ENSP00000349677	0	0	0	0	0.079	0	0	0.395	0.419
MYLK	MYOCD	9606.ENSP00000353452	9606.ENSP00000401678	0	0	0	0	0.096	0	0	0.655	0.674
MYLK	PAK3	9606.ENSP00000353452	9606.ENSP00000353864	0	0	0	0.592	0	0	0.900	0.157	0.904
MYLK	SORBS1	9606.ENSP00000353452	9606.ENSP00000360293	0	0	0	0	0.099	0	0.900	0.119	0.913
MYOCD	SLC8A1	9606.ENSP00000401678	9606.ENSP00000384763	0	0	0	0	0.067	0	0	0.429	0.445
NCAM1	SNAP25	9606.ENSP00000480132	9606.ENSP00000254976	0	0	0	0	0.276	0	0	0.322	0.489
NCAM1	SEMA3A	9606.ENSP00000480132	9606.ENSP00000265362	0	0	0	0	0.061	0.069	0	0.381	0.412
NCAM1	PRKCB	9606.ENSP00000480132	9606.ENSP00000305355	0	0	0	0	0.085	0.379	0	0.159	0.480
NCAM1	SEMA6D	9606.ENSP00000480132	9606.ENSP00000324857	0	0	0	0	0.115	0.177	0	0.301	0.447
NCAM1	PGR	9606.ENSP00000480132	9606.ENSP00000325120	0	0	0	0	0.061	0	0	0.413	0.425
NCAM1	TRIM29	9606.ENSP00000480132	9606.ENSP00000343129	0	0	0	0	0	0	0.900	0.042	0.900
NCAM1	SORBS1	9606.ENSP00000480132	9606.ENSP00000360293	0	0	0	0	0.115	0	0	0.398	0.444
NCAM1	NRXN1	9606.ENSP00000480132	9606.ENSP00000385142	0	0	0	0	0.295	0	0	0.278	0.470
NCAM1	PROM1	9606.ENSP00000480132	9606.ENSP00000426809	0	0	0	0	0	0	0	0.750	0.751
NCAM1	RBFOX3	9606.ENSP00000480132	9606.ENSP00000463653	0	0	0	0	0.130	0	0	0.609	0.645
NDRG4	SNAP25	9606.ENSP00000377823	9606.ENSP00000254976	0	0	0	0	0.385	0	0	0.098	0.422
NELL2	PDE7B	9606.ENSP00000416341	9606.ENSP00000310661	0	0	0	0	0	0	0	0.444	0.444
NOS1	PRKCB	9606.ENSP00000477999	9606.ENSP00000305355	0	0	0	0	0.061	0	0.900	0.122	0.910
NOS1	PTGS1	9606.ENSP00000477999	9606.ENSP00000354612	0	0	0	0	0	0.266	0	0.276	0.446
NOS1	PTGS2	9606.ENSP00000477999	9606.ENSP00000356438	0	0	0	0	0	0.299	0	0.478	0.618
NOS1	PRKG1	9606.ENSP00000477999	9606.ENSP00000363092	0.058	0	0	0	0	0	0	0.641	0.647
NOS1	RBFOX3	9606.ENSP00000477999	9606.ENSP00000463653	0	0	0	0	0.114	0	0	0.439	0.481
NRG1	SEMA3A	9606.ENSP00000384620	9606.ENSP00000265362	0	0	0	0	0.076	0	0	0.414	0.435
NRG1	PGR	9606.ENSP00000384620	9606.ENSP00000325120	0	0	0	0	0	0	0	0.448	0.448
NRG1	NRG2	9606.ENSP00000384620	9606.ENSP00000354910	0	0	0	0.838	0	0	0.900	0.749	0.911
NRG1	PTGS2	9606.ENSP00000384620	9606.ENSP00000356438	0	0	0	0	0.069	0	0	0.489	0.504
NRG2	PRKCB	9606.ENSP00000354910	9606.ENSP00000305355	0	0	0	0	0	0	0.900	0.053	0.901
NRXN1	SNAP25	9606.ENSP00000385142	9606.ENSP00000254976	0	0	0	0	0.391	0	0	0.444	0.647
NRXN1	STXBP5L	9606.ENSP00000385142	9606.ENSP00000273666	0	0	0	0	0.232	0	0	0.302	0.441
NRXN1	SYT9	9606.ENSP00000385142	9606.ENSP00000324419	0	0	0	0	0.170	0.351	0.900	0.288	0.956
NRXN1	PTCHD1	9606.ENSP00000385142	9606.ENSP00000368666	0	0	0	0	0.141	0	0	0.573	0.617
NRXN1	VSNL1	9606.ENSP00000385142	9606.ENSP00000384719	0	0	0	0	0.232	0	0	0.251	0.400
OLFM4	PROM1	9606.ENSP00000219022	9606.ENSP00000426809	0	0	0	0	0.065	0	0	0.402	0.417
OLFM4	ORM2	9606.ENSP00000219022	9606.ENSP00000394936	0	0	0	0	0	0	0.900	0	0.900
OLFM4	SLPI	9606.ENSP00000219022	9606.ENSP00000342082	0	0	0	0	0.069	0	0.900	0	0.902
OLFM4	ORM1	9606.ENSP00000219022	9606.ENSP00000259396	0	0	0	0	0	0	0.900	0.105	0.906
ORM1	SERPINA5	9606.ENSP00000259396	9606.ENSP00000333203	0	0	0	0	0.207	0	0	0.454	0.549
ORM1	SLPI	9606.ENSP00000259396	9606.ENSP00000342082	0	0	0	0	0.099	0	0.900	0.167	0.918
ORM1	SERPINF2	9606.ENSP00000259396	9606.ENSP00000321853	0	0	0	0	0.316	0	0.900	0.284	0.946
ORM1	SERPINA1	9606.ENSP00000259396	9606.ENSP00000416066	0	0	0	0	0.437	0	0.900	0.609	0.976
ORM1	ORM2	9606.ENSP00000259396	9606.ENSP00000394936	0	0	0	0.983	0.954	0.837	0.900	0.907	0.999
ORM2	SERPINF2	9606.ENSP00000394936	9606.ENSP00000321853	0	0	0	0	0.345	0	0.900	0.211	0.943
ORM2	SERPINA5	9606.ENSP00000394936	9606.ENSP00000333203	0	0	0	0	0.209	0	0	0.450	0.546
ORM2	SLPI	9606.ENSP00000394936	9606.ENSP00000342082	0	0	0	0	0.076	0	0.900	0.154	0.915
ORM2	SERPINA1	9606.ENSP00000394936	9606.ENSP00000416066	0	0	0	0	0.394	0	0.900	0.481	0.965
PAK3	SEMA3A	9606.ENSP00000353864	9606.ENSP00000265362	0	0	0	0	0.057	0	0.900	0.046	0.902
PAQR7	PGR	9606.ENSP00000363414	9606.ENSP00000325120	0	0	0	0	0.055	0.050	0	0.480	0.493
PAQR8	PGR	9606.ENSP00000406197	9606.ENSP00000325120	0	0	0	0	0.061	0.050	0	0.445	0.461
PCDH7	WIF1	9606.ENSP00000441802	9606.ENSP00000286574	0	0	0	0	0.074	0	0	0.418	0.438
PDK4	PGR	9606.ENSP00000005178	9606.ENSP00000325120	0	0	0	0	0.076	0	0	0.416	0.438
PDK4	PPARGC1A	9606.ENSP00000005178	9606.ENSP00000264867	0	0	0	0	0.088	0.320	0	0.670	0.777
PENK	PLAG1	9606.ENSP00000324248	9606.ENSP00000325546	0	0	0	0	0	0	0	0.597	0.597
PENK	SERPINA1	9606.ENSP00000324248	9606.ENSP00000416066	0	0	0	0	0	0	0.900	0.079	0.903
PGR	TNS1	9606.ENSP00000325120	9606.ENSP00000171887	0	0	0	0	0	0.064	0	0.472	0.484
PGR	PPARGC1A	9606.ENSP00000325120	9606.ENSP00000264867	0	0	0	0	0	0.370	0	0.187	0.465
PGR	SCGB1A1	9606.ENSP00000325120	9606.ENSP00000278282	0	0	0	0	0	0	0	0.472	0.472
PGR	SNAI2	9606.ENSP00000325120	9606.ENSP00000380034	0	0	0	0	0	0	0	0.435	0.435
PGR	PRLR	9606.ENSP00000325120	9606.ENSP00000482954	0	0	0	0	0.079	0	0	0.546	0.564
PGR	PTGS2	9606.ENSP00000325120	9606.ENSP00000356438	0	0	0	0	0.061	0.050	0	0.573	0.585
PIP5K1B	SERPINB5	9606.ENSP00000265382	9606.ENSP00000372221	0	0	0	0	0	0	0	0.404	0.404
PLA2G4A	RASL12	9606.ENSP00000356436	9606.ENSP00000220062	0	0	0	0	0	0	0	0.418	0.418
PLA2G4A	PRKCB	9606.ENSP00000356436	9606.ENSP00000305355	0	0	0	0	0	0	0.600	0.251	0.687
PLA2G4A	PTGES	9606.ENSP00000356436	9606.ENSP00000342385	0	0	0	0	0	0	0	0.664	0.664
PLA2G4A	PTGS1	9606.ENSP00000356436	9606.ENSP00000354612	0	0	0	0	0.153	0	0.650	0.657	0.889
PLA2G4A	TMEM246	9606.ENSP00000356436	9606.ENSP00000363984	0	0	0	0	0	0	0	0.527	0.527
PLA2G4A	PTGS2	9606.ENSP00000356436	9606.ENSP00000356438	0	0	0	0	0.232	0	0.650	0.817	0.946
POF1B	SAMD12	9606.ENSP00000262753	9606.ENSP00000314173	0	0	0	0	0	0	0	0.596	0.596
PPARGC1A	PPP1R3C	9606.ENSP00000264867	9606.ENSP00000238994	0	0	0	0	0.101	0	0	0.487	0.519
PPP1R3C	STOX2	9606.ENSP00000238994	9606.ENSP00000311257	0	0	0	0	0.063	0	0	0.424	0.437
PRICKLE2	SEMA6D	9606.ENSP00000295902	9606.ENSP00000324857	0	0	0	0	0.106	0	0	0.536	0.568
PRKG1	TMEM37	9606.ENSP00000363092	9606.ENSP00000303148	0	0	0	0	0	0	0	0.416	0.416
PRKG1	RBFOX3	9606.ENSP00000363092	9606.ENSP00000463653	0	0	0	0	0.050	0	0	0.399	0.405
PRKG1	SLC8A1	9606.ENSP00000363092	9606.ENSP00000384763	0	0	0	0	0.061	0	0.800	0.145	0.825
PRLR	TSLP	9606.ENSP00000482954	9606.ENSP00000339804	0	0	0	0	0	0	0.600	0	0.600
PROM1	TNS1	9606.ENSP00000426809	9606.ENSP00000171887	0	0	0	0	0.055	0	0	0.400	0.408
PROM1	SNAI2	9606.ENSP00000426809	9606.ENSP00000380034	0	0	0	0	0	0	0	0.604	0.604
PTGES	SLCO2A1	9606.ENSP00000342385	9606.ENSP00000311291	0	0	0	0	0.061	0	0	0.577	0.585
PTGES	PTGS1	9606.ENSP00000342385	9606.ENSP00000354612	0	0	0	0	0.061	0	0.900	0.711	0.970
PTGES	PTGS2	9606.ENSP00000342385	9606.ENSP00000356438	0	0	0	0	0.063	0	0.900	0.848	0.984
PTGS1	PTGS2	9606.ENSP00000354612	9606.ENSP00000356438	0	0	0.432	0.967	0.140	0.379	0.800	0.956	0.889
PTGS2	TNS1	9606.ENSP00000356438	9606.ENSP00000171887	0	0	0	0	0.065	0.070	0	0.419	0.450
QPRT	SLC14A1	9606.ENSP00000378782	9606.ENSP00000390637	0	0	0	0	0	0	0	0.465	0.465
RBFOX3	SNAP25	9606.ENSP00000463653	9606.ENSP00000254976	0	0	0	0	0.244	0	0	0.607	0.690
RGS7BP	SNAP25	9606.ENSP00000334851	9606.ENSP00000254976	0	0	0	0	0.367	0	0	0.100	0.406
SBSPON	SPON1	9606.ENSP00000297354	9606.ENSP00000460236	0	0	0	0	0	0	0.900	0	0.900
SCGB1A1	TP63	9606.ENSP00000278282	9606.ENSP00000264731	0	0	0	0	0	0	0	0.513	0.513
SCGB1A1	SLC34A2	9606.ENSP00000278282	9606.ENSP00000371483	0	0	0	0	0.325	0	0	0.148	0.401
SCGB1A1	SCGB3A1	9606.ENSP00000278282	9606.ENSP00000292641	0	0	0	0	0.227	0	0	0.603	0.680
SEMA3A	UNC5B	9606.ENSP00000265362	9606.ENSP00000334329	0	0	0	0	0.061	0	0	0.453	0.464
SEMA3D	UNC5B	9606.ENSP00000284136	9606.ENSP00000334329	0	0	0	0	0	0	0	0.428	0.428
SEMA6D	WIF1	9606.ENSP00000324857	9606.ENSP00000286574	0	0	0	0	0.086	0	0	0.413	0.441
SEMA6D	UNC5B	9606.ENSP00000324857	9606.ENSP00000334329	0	0	0	0	0.076	0	0	0.498	0.517
SERPINA1	SERPINF2	9606.ENSP00000416066	9606.ENSP00000321853	0	0	0.447	0.701	0.297	0	0.900	0.727	0.949
SERPINA1	SLPI	9606.ENSP00000416066	9606.ENSP00000342082	0	0	0	0	0.152	0	0	0.552	0.603
SERPINA5	SERPINF2	9606.ENSP00000333203	9606.ENSP00000321853	0	0	0.444	0.670	0.224	0	0	0.476	0.432
SERPINB5	TG	9606.ENSP00000372221	9606.ENSP00000220616	0	0	0	0	0	0	0	0.519	0.519
SERPINB5	TSLP	9606.ENSP00000372221	9606.ENSP00000339804	0	0	0	0	0	0	0	0.453	0.453
SERPINB5	TRIM29	9606.ENSP00000372221	9606.ENSP00000343129	0	0	0	0	0.530	0	0	0.059	0.539
SLC16A5	SLCO2A1	9606.ENSP00000390564	9606.ENSP00000311291	0	0	0	0	0.061	0	0	0.437	0.448
SLC18A2	SNAP25	9606.ENSP00000298472	9606.ENSP00000254976	0	0	0	0	0.049	0	0.900	0.452	0.943
SLC2A5	SNAP25	9606.ENSP00000366641	9606.ENSP00000254976	0	0	0	0	0.049	0	0.900	0.049	0.901
SLITRK6	TMEM37	9606.ENSP00000383143	9606.ENSP00000303148	0	0	0	0	0	0	0	0.489	0.489
SLITRK6	SYT9	9606.ENSP00000383143	9606.ENSP00000324419	0	0	0	0	0	0	0	0.478	0.478
SLPI	TSLP	9606.ENSP00000342082	9606.ENSP00000339804	0	0	0	0	0	0	0	0.582	0.582
SLPI	WFDC2	9606.ENSP00000342082	9606.ENSP00000361761	0	0	0	0	0.097	0	0	0.590	0.614
SMOC1	SPOCK3	9606.ENSP00000355110	9606.ENSP00000349677	0	0	0	0	0.070	0	0	0.665	0.675
SNAI2	TMPRSS4	9606.ENSP00000380034	9606.ENSP00000477949	0	0	0	0	0	0	0	0.511	0.511
SNAP25	VSNL1	9606.ENSP00000254976	9606.ENSP00000384719	0	0	0	0	0.290	0	0	0.266	0.457
SNAP25	SNPH	9606.ENSP00000254976	9606.ENSP00000371297	0	0	0	0	0.201	0	0	0.532	0.610
SNAP25	SV2B	9606.ENSP00000254976	9606.ENSP00000377779	0	0	0	0	0.290	0	0	0.570	0.682
SNAP25	SYT9	9606.ENSP00000254976	9606.ENSP00000324419	0	0	0	0	0.173	0.560	0	0.675	0.871
SNAP25	STXBP5L	9606.ENSP00000254976	9606.ENSP00000273666	0	0	0	0	0.380	0.734	0	0.516	0.913
SPOCK3	VSNL1	9606.ENSP00000349677	9606.ENSP00000384719	0	0	0	0	0.211	0	0	0.563	0.640
SPON1	STXBP5L	9606.ENSP00000460236	9606.ENSP00000273666	0	0	0	0	0	0	0	0.507	0.507
STXBP5L	SYNPO2	9606.ENSP00000273666	9606.ENSP00000306015	0	0	0	0	0	0	0	0.498	0.498
SV2B	SYT9	9606.ENSP00000377779	9606.ENSP00000324419	0	0	0	0	0.141	0.076	0	0.338	0.429
TMLHE	TRIM29	9606.ENSP00000335261	9606.ENSP00000343129	0	0	0	0	0	0	0	0.449	0.449
TP63	ZNF750	9606.ENSP00000264731	9606.ENSP00000269394	0	0	0	0	0.088	0	0	0.638	0.656
